{
  "id": "2521607",
  "name": "Demo_Baidu",
  "font_family": "iconfont",
  "css_prefix_text": "icon-",
  "description": "",
  "glyphs": [
    {
      "icon_id": "953440",
      "name": "扫描",
      "font_class": "saomiao",
      "unicode": "e614",
      "unicode_decimal": 58900
    },
    {
      "icon_id": "17187328",
      "name": "视频会议",
      "font_class": "shipinhuiyi",
      "unicode": "e685",
      "unicode_decimal": 59013
    },
    {
      "icon_id": "1245577",
      "name": "换一换",
      "font_class": "huanyihuan",
      "unicode": "e65f",
      "unicode_decimal": 58975
    },
    {
      "icon_id": "6170868",
      "name": "相机",
      "font_class": "xiangji",
      "unicode": "e61d",
      "unicode_decimal": 58909
    }
  ]
}
